date,temperature_c,humidity_percent,rainfall_mm,wind_speed_kmh,pressure_mb,cloud_cover_percent,uv_index,soil_temp_c,evapotranspiration_mm
2023-10-29,19.0,41.6,0.0,4.0,1018.4,84.0,7.9,16.7,7.6
2023-10-30,19.2,41.4,5.2,14.4,1010.5,5.0,10.0,16.4,4.7
2023-10-31,13.7,48.4,0.0,13.2,996.6,41.0,2.4,10.8,4.3
2023-11-01,18.2,39.5,0.0,4.7,1024.4,38.0,2.0,15.6,7.2
2023-11-02,16.2,48.9,0.0,5.9,1013.6,40.0,7.1,14.0,5.8
2023-11-03,18.3,48.6,2.1,14.7,1014.2,97.0,7.4,16.1,4.3
2023-11-04,14.8,49.3,6.0,1.5,1006.2,37.0,1.5,9.9,6.9
2023-11-05,19.7,49.0,0.0,14.6,993.1,14.0,4.7,16.0,7.2
2023-11-06,18.3,35.5,0.0,8.2,1007.8,66.0,7.5,14.0,4.7
2023-11-07,14.7,39.1,0.0,9.3,994.9,5.0,8.1,11.3,4.2
2023-11-08,16.6,43.3,2.2,8.9,1012.8,69.0,2.4,12.9,6.4
2023-11-09,19.1,45.1,1.0,8.3,1001.3,59.0,4.1,14.1,6.0
2023-11-10,16.7,41.9,0.0,8.3,1006.4,45.0,0.9,12.0,7.6
2023-11-11,18.4,41.3,0.0,4.2,999.3,58.0,5.7,14.9,7.9
2023-11-12,20.2,50.7,0.0,13.4,1022.8,12.0,10.4,16.6,7.2
2023-11-13,15.4,40.5,0.0,2.6,1005.2,65.0,4.1,12.9,6.5
2023-11-14,18.8,50.1,0.0,0.3,1006.5,3.0,9.7,15.8,5.1
2023-11-15,18.9,36.6,0.0,10.1,998.2,10.0,6.6,14.0,3.3
2023-11-16,17.0,41.5,0.0,7.8,1008.4,9.0,2.4,12.1,3.9
2023-11-17,17.2,48.3,0.5,10.5,1006.3,44.0,4.9,14.7,7.3
2023-11-18,21.2,54.1,0.0,3.1,1006.3,22.0,4.5,16.2,7.9
2023-11-19,19.1,52.4,0.0,16.2,1012.9,37.0,10.3,15.5,6.8
2023-11-20,20.6,45.3,0.0,13.3,1029.8,40.0,6.9,16.2,6.6
2023-11-21,17.3,42.4,0.0,12.0,1006.0,48.0,1.8,13.8,7.1
2023-11-22,18.2,56.1,0.0,9.1,1026.4,98.0,11.0,13.6,3.8
2023-11-23,19.7,51.9,5.3,12.7,1032.1,66.0,3.1,15.8,7.0
2023-11-24,17.8,48.1,0.0,10.6,1011.2,74.0,1.8,13.6,7.6
2023-11-25,17.4,47.3,12.2,10.6,1028.1,29.0,6.6,13.0,7.4
2023-11-26,22.2,42.8,0.0,19.0,993.5,34.0,0.4,20.1,4.8
2023-11-27,22.2,58.2,0.0,8.2,1000.3,84.0,8.6,18.0,3.4
2023-11-28,18.9,47.2,0.0,10.2,1012.0,34.0,7.6,15.1,3.1
2023-11-29,17.8,43.6,0.0,8.3,1008.8,71.0,8.2,15.4,6.5
2023-11-30,17.4,51.3,0.2,0.5,1014.1,12.0,6.5,13.2,5.8
2023-12-01,17.9,45.2,0.5,4.0,1003.8,85.0,4.7,13.3,3.5
2023-12-02,18.1,46.9,0.0,5.1,1021.2,81.0,3.2,15.6,7.6
2023-12-03,17.9,46.8,0.0,8.4,1014.3,39.0,8.9,13.1,4.0
2023-12-04,22.0,59.9,0.0,12.2,998.3,18.0,0.3,19.6,6.0
2023-12-05,22.8,50.2,0.0,12.7,1011.5,30.0,4.6,18.0,3.4
2023-12-06,22.9,47.9,0.0,18.7,1000.3,7.0,5.1,18.7,7.6
2023-12-07,22.3,45.2,2.4,8.4,1027.2,44.0,9.7,19.3,6.0
2023-12-08,18.5,61.1,0.2,23.3,1021.8,65.0,5.3,15.7,7.1
2023-12-09,21.4,52.1,0.0,5.2,1027.9,77.0,7.4,16.6,5.4
2023-12-10,22.3,43.9,3.9,13.9,1023.5,85.0,6.2,17.9,4.9
2023-12-11,18.8,59.3,4.0,10.2,1001.9,26.0,0.2,14.4,7.3
2023-12-12,19.0,59.0,10.9,13.3,1030.1,18.0,0.2,15.8,4.3
2023-12-13,19.6,56.4,0.0,12.9,1017.4,14.0,10.0,17.4,4.6
2023-12-14,24.5,61.9,2.9,9.5,1032.0,5.0,6.2,21.8,6.2
2023-12-15,24.3,58.0,6.9,8.5,1027.5,55.0,10.3,20.0,4.5
2023-12-16,22.1,54.7,0.0,7.0,1016.7,92.0,10.9,18.3,7.4
2023-12-17,21.9,63.5,0.0,9.5,1001.5,85.0,9.5,17.4,5.9
2023-12-18,24.9,53.0,2.7,11.7,996.7,71.0,10.7,20.3,3.2
2023-12-19,20.6,60.0,0.0,13.9,1016.3,6.0,7.2,17.5,7.0
2023-12-20,21.4,49.6,8.3,1.8,1018.1,14.0,9.4,18.6,3.4
2023-12-21,21.6,59.1,10.9,5.6,1024.8,10.0,3.8,18.2,8.0
2023-12-22,25.0,49.0,0.0,6.3,1009.3,96.0,3.4,22.1,7.1
2023-12-23,25.3,59.9,0.0,10.0,1028.3,62.0,10.7,23.1,4.2
2023-12-24,25.6,49.0,3.1,12.3,1004.5,21.0,5.5,22.2,3.9
2023-12-25,21.3,62.6,0.0,18.4,1005.7,25.0,9.3,18.7,4.4
2023-12-26,25.9,58.7,0.0,4.1,1013.1,38.0,9.3,22.1,7.3
2023-12-27,26.6,61.4,2.4,12.7,1031.9,83.0,10.0,22.8,6.9
2023-12-28,23.3,65.3,0.0,16.8,1005.0,14.0,5.7,20.8,5.3
2023-12-29,23.9,51.5,7.8,0.5,1009.5,14.0,9.9,21.7,5.4
2023-12-30,26.9,64.7,4.5,17.8,1011.9,92.0,8.4,23.3,5.8
2023-12-31,25.1,56.5,0.0,8.7,1000.1,12.0,1.8,22.3,5.3
2024-01-01,24.7,61.6,0.0,15.4,1024.8,6.0,0.7,21.5,3.2
2024-01-02,22.6,68.2,0.0,15.3,999.1,83.0,3.2,20.3,3.8
2024-01-03,25.9,55.5,0.0,10.8,1020.5,94.0,0.3,22.2,4.3
2024-01-04,23.0,53.5,0.0,2.2,994.3,81.0,2.5,20.5,4.6
2024-01-05,26.3,69.4,4.8,6.3,1030.7,97.0,4.5,21.8,4.6
2024-01-06,23.6,61.7,0.0,16.5,1024.5,100.0,2.7,20.5,7.1
2024-01-07,28.2,72.1,0.0,12.3,1013.7,6.0,5.2,26.2,5.9
2024-01-08,27.0,71.3,5.2,1.0,1009.1,53.0,4.9,24.5,6.0
2024-01-09,24.0,68.3,0.0,16.3,1030.0,3.0,8.4,20.2,5.2
2024-01-10,26.5,60.9,0.0,11.5,1011.3,1.0,0.9,21.6,6.5
2024-01-11,28.1,59.9,5.6,15.8,1031.0,32.0,8.5,24.8,5.8
2024-01-12,25.6,57.7,4.7,10.2,1010.5,20.0,0.8,22.0,5.2
2024-01-13,29.9,64.6,10.9,8.1,1001.3,66.0,6.3,26.3,6.0
2024-01-14,26.8,67.0,0.0,10.6,995.2,81.0,0.6,23.5,7.1
2024-01-15,24.6,59.6,0.0,7.7,1017.8,62.0,9.2,20.2,6.4
2024-01-16,27.7,61.0,0.0,16.2,998.3,58.0,5.8,22.9,6.4
2024-01-17,25.6,61.8,0.0,16.9,1018.2,30.0,8.0,20.7,6.6
2024-01-18,27.9,75.2,0.0,4.4,996.0,71.0,0.3,23.1,5.2
2024-01-19,30.8,65.0,1.7,15.5,1020.0,45.0,6.8,25.9,5.2
2024-01-20,29.6,76.0,1.0,18.8,1002.0,37.0,3.1,25.8,7.4
2024-01-21,28.7,66.9,0.0,1.4,1027.9,3.0,2.3,25.0,5.3
2024-01-22,30.4,76.8,0.0,6.8,1011.0,31.0,10.9,26.2,6.6
2024-01-23,26.8,60.1,0.0,7.9,1009.7,18.0,1.1,24.3,4.8
2024-01-24,26.6,74.5,0.0,9.7,1029.4,25.0,8.2,23.4,4.6
2024-01-25,28.4,74.5,0.0,3.5,1003.8,54.0,10.9,25.2,6.5
2024-01-26,28.6,75.8,0.0,14.1,1000.9,7.0,6.2,24.2,7.7
2024-01-27,29.5,62.6,0.0,0.7,1023.8,25.0,7.2,26.6,3.3
2024-01-28,29.4,78.7,0.0,16.0,995.3,65.0,8.6,24.7,7.5
2024-01-29,31.8,74.3,0.0,13.0,1021.5,84.0,2.4,28.4,7.3
2024-01-30,30.8,75.3,0.0,8.7,1004.5,5.0,10.1,27.9,4.5
2024-01-31,27.7,69.5,0.0,12.6,1003.6,67.0,4.9,23.0,4.9
2024-02-01,31.8,74.7,0.0,9.2,1022.2,43.0,10.7,27.0,6.0
2024-02-02,29.6,68.3,0.0,3.0,1007.2,44.0,8.1,24.7,6.5
2024-02-03,28.5,70.3,0.0,8.2,1029.3,13.0,2.1,25.1,4.1
2024-02-04,30.4,67.9,18.9,3.9,1006.9,95.0,2.2,26.3,7.6
2024-02-05,32.2,66.2,0.0,13.2,996.6,91.0,4.5,28.7,5.8
2024-02-06,32.6,80.7,0.0,6.2,996.3,4.0,4.5,30.0,7.2
2024-02-07,28.5,75.7,0.0,9.9,1001.0,93.0,4.8,25.9,7.6
2024-02-08,31.8,66.4,3.6,5.5,1025.6,18.0,6.7,28.7,5.9
2024-02-09,31.4,79.7,0.0,15.0,1028.3,36.0,0.0,28.2,4.8
2024-02-10,30.3,65.1,0.0,2.2,1031.2,23.0,0.8,25.7,3.9
2024-02-11,33.2,72.8,0.0,9.2,1019.2,15.0,6.5,30.4,3.2
2024-02-12,33.3,75.6,2.9,15.5,1010.6,66.0,1.3,30.4,3.1
2024-02-13,33.5,82.9,0.0,5.8,999.2,62.0,10.4,31.1,5.8
2024-02-14,33.9,82.3,0.0,1.8,994.3,65.0,1.3,31.3,6.5
2024-02-15,31.7,80.6,3.1,17.2,1008.1,64.0,1.6,26.9,4.0
2024-02-16,31.7,83.0,0.0,0.8,1005.0,36.0,6.5,29.6,4.9
2024-02-17,34.6,84.1,0.0,8.4,1012.6,84.0,4.1,32.4,7.9
2024-02-18,32.3,83.1,0.0,7.7,996.5,64.0,7.5,29.3,4.6
2024-02-19,32.0,83.9,0.1,14.4,1017.9,84.0,5.5,29.8,5.9
2024-02-20,30.1,80.1,11.0,18.8,993.5,62.0,0.4,25.5,4.3
2024-02-21,35.1,71.9,0.1,9.1,1026.5,73.0,8.9,30.3,6.3
2024-02-22,35.1,75.5,0.0,17.3,1030.8,5.0,1.4,31.1,4.6
2024-02-23,35.6,75.5,0.0,17.4,1009.4,84.0,5.0,31.9,7.1
2024-02-24,31.0,84.7,0.0,9.5,997.2,25.0,4.7,28.4,6.9
2024-02-25,33.1,85.4,13.2,7.6,1006.8,94.0,8.3,28.7,7.7
2024-02-26,30.5,67.7,5.1,12.1,1002.0,52.0,0.4,26.9,4.2
2024-02-27,31.6,77.4,1.8,0.4,1019.3,11.0,2.1,26.9,3.6
2024-02-28,35.9,68.0,0.0,11.8,1021.3,33.0,4.7,32.3,5.1
2024-02-29,36.4,72.9,0.0,13.4,1012.5,62.0,9.8,31.6,6.9
2024-03-01,31.3,85.2,0.0,0.7,1029.6,5.0,1.2,26.8,7.8
2024-03-02,33.6,85.1,0.0,8.4,1023.1,33.0,3.3,29.5,6.2
2024-03-03,32.5,68.2,0.0,7.2,1026.1,79.0,9.4,29.9,4.1
2024-03-04,34.7,67.9,1.4,16.8,1004.4,85.0,7.4,30.8,3.8
2024-03-05,31.7,87.7,0.0,5.7,1006.8,49.0,9.0,27.7,3.6
2024-03-06,34.0,87.2,0.0,15.2,1009.8,71.0,5.5,29.9,3.4
2024-03-07,34.8,87.5,0.0,5.8,1014.6,14.0,5.5,30.8,5.6
2024-03-08,34.9,68.6,0.5,12.5,999.7,96.0,0.5,31.6,3.3
2024-03-09,32.7,72.7,2.5,16.7,1022.6,20.0,8.0,28.7,7.4
2024-03-10,31.4,73.2,0.0,15.3,1011.3,93.0,2.8,27.1,7.9
2024-03-11,33.3,69.7,0.0,6.8,1002.1,3.0,6.0,28.4,3.7
2024-03-12,36.4,77.0,0.0,1.3,1011.9,100.0,7.1,31.7,7.1
2024-03-13,31.8,74.4,0.0,4.0,1030.1,78.0,8.7,27.8,5.1
2024-03-14,32.3,70.9,0.0,5.7,1018.8,73.0,8.9,29.3,3.5
2024-03-15,37.5,75.6,0.0,10.2,1006.7,87.0,6.9,33.1,6.1
2024-03-16,34.2,84.0,0.0,11.8,1025.9,21.0,5.9,30.1,7.6
2024-03-17,32.3,73.8,0.0,12.8,1009.2,73.0,8.9,27.8,4.2
2024-03-18,37.3,82.5,0.0,11.9,1010.4,58.0,3.8,33.9,6.6
2024-03-19,37.3,79.0,0.0,25.7,1028.0,88.0,8.4,35.3,4.5
2024-03-20,36.3,83.2,3.6,11.6,1006.9,86.0,7.1,33.5,4.5
2024-03-21,35.3,78.2,0.0,7.5,1022.0,8.0,4.3,33.3,3.3
2024-03-22,35.4,80.1,2.5,3.3,1025.1,11.0,10.8,33.1,6.2
2024-03-23,34.6,72.7,0.0,16.8,1001.3,88.0,2.4,31.1,6.0
2024-03-24,37.5,89.8,0.0,0.7,1009.8,89.0,5.3,32.5,3.4
2024-03-25,34.9,71.3,0.0,16.9,1029.2,14.0,10.9,30.3,7.8
2024-03-26,37.3,89.2,0.0,22.1,994.1,15.0,6.6,33.3,3.5
2024-03-27,33.0,79.0,0.0,2.5,1006.0,74.0,2.8,30.8,5.7
2024-03-28,33.0,89.2,0.0,3.1,1032.6,15.0,2.6,28.4,6.1
2024-03-29,37.8,82.7,0.1,10.5,1009.5,4.0,2.5,33.5,3.8
2024-03-30,33.1,81.7,0.0,5.9,994.2,48.0,4.4,29.4,4.7
2024-03-31,35.7,89.8,0.0,4.0,998.7,9.0,5.0,33.6,3.9
2024-04-01,35.9,74.1,0.0,9.4,1018.6,4.0,10.4,33.7,6.8
2024-04-02,34.3,72.0,0.0,1.6,1010.8,97.0,6.5,32.2,4.7
2024-04-03,36.1,71.2,0.0,10.0,1032.7,58.0,1.1,32.3,5.3
2024-04-04,32.0,79.2,0.0,10.5,1029.9,45.0,7.7,28.0,3.7
2024-04-05,36.6,81.3,6.6,5.6,995.0,53.0,7.3,33.8,7.6
2024-04-06,35.7,79.4,0.0,10.4,1000.9,14.0,10.7,31.3,7.3
2024-04-07,37.3,76.9,4.0,8.8,1005.3,5.0,8.6,33.4,6.5
2024-04-08,34.1,73.8,0.0,4.4,1003.5,65.0,4.1,30.5,6.5
2024-04-09,37.2,73.5,0.0,13.3,1032.6,2.0,1.4,35.0,4.6
2024-04-10,36.7,78.5,0.0,14.6,1006.7,35.0,4.3,32.8,5.8
2024-04-11,33.4,75.6,1.3,17.1,1007.4,12.0,0.7,30.0,7.6
2024-04-12,35.3,75.3,0.0,5.5,994.3,87.0,10.7,32.3,4.9
2024-04-13,34.3,73.7,0.0,12.2,993.7,93.0,5.0,30.8,5.1
2024-04-14,35.4,85.3,0.0,10.7,1032.0,82.0,7.9,31.5,6.8
2024-04-15,34.5,78.3,0.0,21.3,1021.5,17.0,1.6,32.1,5.5
2024-04-16,36.9,71.9,1.9,6.6,1009.2,73.0,10.4,32.7,4.5
2024-04-17,34.2,74.9,0.0,7.4,1015.7,13.0,3.8,30.2,3.7
2024-04-18,37.3,71.6,14.4,7.6,995.5,67.0,10.1,35.0,7.5
2024-04-19,33.1,81.5,0.0,6.7,1031.0,76.0,9.8,28.3,3.1
2024-04-20,32.8,88.8,0.0,5.3,1008.5,24.0,9.7,29.0,3.5
2024-04-21,32.8,75.3,0.6,5.5,1019.9,31.0,2.4,28.9,3.5
2024-04-22,32.2,82.3,0.3,8.5,1016.6,57.0,1.0,29.7,6.2
2024-04-23,35.4,82.4,0.0,1.2,1025.3,33.0,7.2,32.6,7.2
2024-04-24,33.2,69.2,0.0,0.7,1006.3,37.0,3.8,30.1,6.3
2024-04-25,34.3,75.5,0.0,8.2,1031.5,42.0,3.3,29.6,5.4
2024-04-26,31.5,70.1,0.0,14.5,1029.8,98.0,4.5,28.0,3.8
2024-04-27,34.1,84.6,0.0,1.0,1029.8,2.0,2.1,29.5,3.4
2024-04-28,31.0,70.0,0.0,12.7,1015.8,47.0,7.9,28.4,6.1
2024-04-29,33.8,72.0,0.8,13.1,1015.5,95.0,4.5,31.2,7.2
2024-04-30,36.6,86.5,0.0,17.1,1019.6,20.0,5.2,32.6,3.2
2024-05-01,33.4,68.6,0.0,9.6,1028.9,81.0,3.6,29.2,4.2
2024-05-02,35.7,80.5,1.3,2.8,996.7,43.0,4.5,32.6,6.2
2024-05-03,33.9,79.9,1.6,11.1,997.5,14.0,3.1,30.2,4.8
2024-05-04,31.9,75.8,0.0,11.8,1006.1,75.0,9.2,27.3,3.7
2024-05-05,35.5,76.0,0.0,5.2,1013.0,6.0,2.1,32.1,4.9
2024-05-06,35.4,79.6,0.0,9.4,1018.5,19.0,6.6,33.1,6.3
2024-05-07,35.0,80.2,0.0,11.2,1030.6,76.0,2.9,31.6,4.6
2024-05-08,35.5,84.2,0.9,10.7,1013.9,75.0,8.0,33.3,3.6
2024-05-09,32.3,82.4,0.0,6.7,1015.0,1.0,8.5,28.7,6.1
2024-05-10,31.6,71.8,4.2,12.6,1008.6,47.0,7.0,28.4,4.0
2024-05-11,30.4,80.3,0.0,10.4,1004.1,62.0,3.9,26.3,6.5
2024-05-12,33.3,75.3,9.5,5.3,1027.1,65.0,8.4,28.7,6.0
2024-05-13,34.2,79.3,0.0,11.0,1005.1,5.0,5.1,31.1,5.9
2024-05-14,31.3,75.5,0.8,2.4,994.8,58.0,4.9,26.4,5.9
2024-05-15,30.1,65.2,2.1,6.5,997.2,90.0,6.1,27.4,7.7
2024-05-16,32.4,69.5,0.0,9.0,1014.3,25.0,8.8,29.4,3.8
2024-05-17,31.2,72.8,0.9,15.5,1017.1,86.0,2.1,26.5,4.7
2024-05-18,31.4,80.2,0.0,3.9,993.1,67.0,10.7,29.3,5.9
2024-05-19,30.5,65.3,0.0,17.1,1017.4,79.0,1.1,27.4,4.5
2024-05-20,29.8,82.4,0.0,11.8,1030.8,55.0,2.3,27.2,4.6
2024-05-21,33.2,66.3,0.0,21.0,1004.9,42.0,9.0,30.1,4.3
2024-05-22,29.3,68.8,0.0,11.9,1026.3,63.0,1.3,25.4,5.9
2024-05-23,29.0,76.6,0.0,10.4,998.7,22.0,8.6,25.0,6.3
2024-05-24,32.3,71.8,0.0,9.1,1004.8,61.0,0.0,28.2,3.1
2024-05-25,33.4,68.0,2.3,14.3,1025.0,41.0,9.3,31.3,7.7
2024-05-26,30.3,78.9,0.0,16.0,1007.3,72.0,2.2,26.2,7.8
2024-05-27,30.1,73.7,0.0,5.1,999.5,82.0,0.0,26.2,5.5
2024-05-28,29.7,61.6,2.5,7.8,996.8,81.0,7.7,24.8,6.5
2024-05-29,31.1,75.2,0.0,15.8,1017.7,73.0,8.3,27.7,7.5
2024-05-30,31.1,68.9,0.0,15.2,1008.6,35.0,10.6,27.6,3.9
2024-05-31,27.3,78.7,7.8,5.0,1006.2,69.0,8.5,23.0,5.8
2024-06-01,30.2,75.4,0.0,17.6,1029.3,0.0,8.2,28.1,4.9
2024-06-02,29.4,75.7,0.0,13.8,994.5,7.0,4.0,24.7,4.4
2024-06-03,27.4,75.8,2.3,6.1,996.9,31.0,2.9,25.3,3.3
2024-06-04,31.2,68.8,0.0,11.1,1022.2,18.0,6.1,29.0,4.9
2024-06-05,28.9,75.2,0.0,17.2,1013.4,28.0,10.2,26.2,3.4
2024-06-06,31.4,75.1,7.6,17.0,1018.8,4.0,9.6,27.2,4.1
2024-06-07,30.6,76.8,0.0,13.0,1009.1,10.0,8.0,26.7,4.2
2024-06-08,28.2,62.9,0.0,8.9,1026.7,30.0,8.3,26.0,3.0
2024-06-09,29.3,74.9,0.0,12.8,1029.3,26.0,6.7,25.1,6.8
2024-06-10,25.6,62.8,2.5,7.0,997.9,69.0,8.1,21.1,4.7
2024-06-11,30.4,62.9,0.0,9.0,1032.4,83.0,9.0,27.5,5.5
2024-06-12,28.8,63.9,1.5,7.9,1028.6,61.0,0.4,24.5,4.1
2024-06-13,26.8,73.7,1.9,6.7,1000.9,97.0,2.6,22.4,7.8
2024-06-14,25.8,56.1,0.0,11.4,993.6,65.0,2.3,20.9,7.2
2024-06-15,27.8,60.6,0.0,8.9,993.1,87.0,10.1,23.1,5.0
2024-06-16,28.6,70.7,2.0,20.7,1012.0,31.0,7.3,24.8,6.2
2024-06-17,29.5,62.4,0.0,11.2,1012.4,82.0,4.5,26.6,6.5
2024-06-18,26.3,61.2,0.0,12.1,995.3,52.0,2.5,22.0,5.5
2024-06-19,29.1,58.3,0.0,22.1,1031.1,16.0,6.2,26.0,6.1
2024-06-20,29.1,64.2,7.4,4.5,1031.8,32.0,7.8,25.4,5.7
2024-06-21,25.5,55.6,0.9,5.3,999.1,12.0,2.9,23.4,6.8
2024-06-22,26.7,57.0,0.0,11.5,1028.0,5.0,2.3,24.1,5.5
2024-06-23,24.4,53.8,0.0,4.7,1015.6,1.0,5.9,21.7,4.6
2024-06-24,24.6,64.1,0.0,8.7,1025.0,19.0,1.1,20.7,6.4
2024-06-25,26.9,66.1,0.0,9.8,1028.9,60.0,3.7,23.0,6.0
2024-06-26,23.0,53.0,3.2,6.3,1004.1,33.0,8.9,18.6,4.0
2024-06-27,28.0,57.4,0.0,14.5,1004.1,88.0,2.5,24.3,4.6
2024-06-28,24.7,60.4,0.0,11.3,1006.2,8.0,10.5,22.0,6.5
2024-06-29,25.4,65.3,0.0,3.6,1013.5,78.0,8.0,21.5,4.5
2024-06-30,26.2,64.8,0.0,20.8,1012.7,34.0,4.5,23.9,7.8
2024-07-01,26.0,63.5,0.0,10.0,1021.9,37.0,5.3,22.3,5.3
2024-07-02,24.0,64.6,0.0,16.8,1007.9,88.0,4.9,19.1,4.3
2024-07-03,25.7,60.6,0.0,10.3,993.1,23.0,10.1,21.1,4.9
2024-07-04,25.4,65.0,0.0,13.3,1005.9,60.0,1.4,22.6,7.5
2024-07-05,25.9,56.9,0.0,16.4,1022.8,31.0,7.8,23.8,4.7
2024-07-06,25.9,62.0,0.0,15.2,1003.2,87.0,3.4,21.0,6.9
2024-07-07,21.6,50.7,8.5,10.4,1015.2,92.0,6.6,17.5,6.5
2024-07-08,24.9,58.3,1.8,5.0,1003.6,27.0,5.5,21.3,3.1
2024-07-09,25.5,53.1,0.0,10.4,1001.8,30.0,1.3,21.0,3.6
2024-07-10,25.3,65.9,0.0,13.2,1012.6,11.0,5.1,22.1,6.4
2024-07-11,24.2,50.2,4.2,4.1,1006.3,39.0,7.0,20.7,3.6
2024-07-12,20.2,46.7,0.0,18.5,1013.4,67.0,7.2,15.6,6.3
2024-07-13,22.2,60.6,0.0,9.8,1019.4,30.0,5.2,17.3,5.2
2024-07-14,23.6,53.6,0.0,10.4,1011.3,92.0,9.9,19.4,4.1
2024-07-15,25.5,58.0,0.0,5.4,1012.7,10.0,1.7,21.4,5.2
2024-07-16,23.9,60.9,0.0,13.9,1005.0,29.0,3.6,19.1,4.7
2024-07-17,21.3,55.2,7.8,9.9,1004.4,14.0,8.2,16.5,4.6
2024-07-18,23.4,50.0,12.7,13.5,1004.3,1.0,5.7,20.1,7.4
2024-07-19,23.9,52.3,0.0,21.3,1013.7,71.0,6.5,20.9,4.2
2024-07-20,24.3,54.5,0.0,15.3,1010.4,51.0,5.0,19.4,5.1
2024-07-21,20.9,47.6,3.0,11.0,1013.4,40.0,2.5,16.5,7.7
2024-07-22,20.3,49.5,0.0,13.2,1022.9,61.0,3.2,17.0,5.7
2024-07-23,22.6,55.3,15.1,15.7,1008.0,73.0,8.4,18.9,7.2
2024-07-24,20.0,52.3,0.0,7.7,996.1,19.0,3.1,15.1,6.3
2024-07-25,21.2,45.5,0.0,5.3,1030.0,2.0,7.5,16.5,3.8
2024-07-26,19.2,58.8,0.0,14.5,1006.6,73.0,6.4,15.1,5.6
2024-07-27,19.0,48.3,0.0,15.1,1026.2,77.0,7.8,15.1,3.7
2024-07-28,20.0,49.0,0.0,15.5,1026.0,51.0,1.2,17.3,3.3
2024-07-29,18.1,50.1,20.3,9.2,1009.6,69.0,3.4,15.9,4.0
2024-07-30,21.9,49.3,0.0,22.9,1031.8,38.0,10.4,18.0,7.8
2024-07-31,22.5,51.2,3.8,13.7,1024.6,7.0,5.7,19.1,7.8
2024-08-01,17.8,48.6,1.4,9.5,1021.0,18.0,3.6,15.3,6.5
2024-08-02,16.8,46.0,20.6,1.0,1014.1,21.0,0.4,12.2,6.5
2024-08-03,22.3,47.9,0.8,8.7,1025.6,44.0,9.4,20.3,3.7
2024-08-04,21.8,52.4,9.5,15.0,1010.5,15.0,10.6,17.2,5.8
2024-08-05,21.1,44.2,0.7,7.3,1014.7,40.0,6.6,18.3,7.1
2024-08-06,18.2,56.8,0.0,7.8,993.5,58.0,7.4,14.7,5.2
2024-08-07,20.1,43.7,0.0,7.4,999.8,36.0,6.1,16.9,5.1
2024-08-08,16.9,47.5,0.6,16.0,1007.6,14.0,3.1,13.3,3.6
2024-08-09,17.8,56.6,5.8,7.9,1016.6,28.0,6.8,13.8,5.0
2024-08-10,20.9,44.8,14.0,17.3,1005.1,2.0,3.6,17.6,7.2
2024-08-11,21.1,43.9,0.0,9.0,1029.9,35.0,2.2,16.1,7.8
2024-08-12,20.8,53.0,0.0,6.3,1026.8,81.0,4.8,16.7,4.1
2024-08-13,17.7,43.5,0.0,12.8,1006.3,26.0,1.9,13.2,4.2
2024-08-14,18.2,48.8,0.0,3.5,1021.5,2.0,1.3,15.7,7.5
2024-08-15,19.9,44.4,0.0,15.8,1004.7,86.0,4.2,17.0,6.4
2024-08-16,17.6,43.4,4.6,4.7,1023.5,13.0,7.0,15.5,7.3
2024-08-17,17.3,47.9,0.1,10.0,995.3,36.0,6.1,12.3,4.4
2024-08-18,16.5,38.1,0.0,15.3,1019.5,35.0,10.0,14.4,4.0
2024-08-19,15.4,45.6,0.0,13.7,1014.7,60.0,3.8,13.3,4.2
2024-08-20,16.6,51.6,0.0,1.7,1018.5,22.0,0.1,12.4,7.1
2024-08-21,14.3,35.2,0.0,11.1,993.4,79.0,4.9,9.6,5.1
2024-08-22,14.9,47.4,0.0,9.3,1003.9,1.0,2.5,10.3,6.3
2024-08-23,19.8,42.7,0.0,9.9,997.7,14.0,10.3,16.7,3.9
2024-08-24,18.5,34.4,0.0,7.0,1011.2,31.0,5.2,14.3,4.2
2024-08-25,19.7,46.2,0.0,11.7,999.6,0.0,3.1,15.4,3.7
2024-08-26,19.5,34.6,7.6,6.7,1032.6,39.0,4.6,16.2,4.4
2024-08-27,14.7,51.4,15.4,6.2,1023.7,97.0,6.7,11.7,6.1
2024-08-28,14.3,43.2,0.0,7.1,1014.0,12.0,3.5,11.5,7.0
2024-08-29,13.7,51.0,0.0,12.4,1024.5,65.0,8.8,9.1,3.8
2024-08-30,13.4,49.5,10.3,13.7,1019.9,33.0,8.1,9.3,3.8
2024-08-31,16.4,44.4,0.0,10.3,1010.6,61.0,3.5,14.2,7.5
2024-09-01,15.0,34.1,0.0,4.9,1010.4,47.0,7.4,12.6,4.7
2024-09-02,13.3,32.5,0.0,4.8,1012.0,61.0,8.0,9.6,7.5
2024-09-03,15.0,42.5,0.0,12.1,1018.8,29.0,4.8,10.8,7.4
2024-09-04,16.6,51.6,0.0,9.4,1029.5,84.0,5.7,14.6,7.2
2024-09-05,16.7,37.1,0.0,5.1,996.4,93.0,2.4,13.3,4.6
2024-09-06,18.7,32.1,11.1,14.9,1002.5,68.0,4.9,16.3,3.1
2024-09-07,15.6,40.2,0.0,15.4,1018.9,14.0,8.2,10.7,5.2
2024-09-08,13.4,48.8,0.0,3.6,1007.4,4.0,4.2,8.5,3.0
2024-09-09,13.8,46.9,0.0,9.9,1004.3,9.0,6.3,11.2,6.0
2024-09-10,13.0,48.9,0.0,3.7,1007.7,87.0,5.7,10.5,3.6
2024-09-11,15.8,38.4,5.7,10.8,1029.2,59.0,2.3,12.6,4.9
2024-09-12,15.8,38.6,0.0,6.5,1003.5,40.0,5.1,11.1,5.1
2024-09-13,13.6,48.9,1.1,9.5,1024.7,98.0,1.5,10.1,3.3
2024-09-14,17.2,39.6,0.0,13.0,1025.0,22.0,5.5,12.5,7.4
2024-09-15,15.9,41.7,0.0,14.5,1032.2,84.0,0.6,11.1,7.0
2024-09-16,16.2,41.9,0.0,13.2,1030.7,48.0,3.9,12.8,5.4
2024-09-17,15.5,38.7,0.0,9.0,1024.0,80.0,9.7,11.9,6.8
2024-09-18,14.2,44.0,0.0,3.7,1001.1,69.0,8.3,11.5,5.1
2024-09-19,15.2,31.9,0.0,9.2,1015.9,92.0,2.4,13.0,5.3
2024-09-20,13.3,35.1,0.0,4.5,1000.5,31.0,6.4,10.3,7.6
2024-09-21,15.6,38.6,0.0,23.9,1027.9,5.0,5.7,12.4,5.0
2024-09-22,14.4,47.5,0.0,13.7,1006.1,91.0,7.6,10.2,6.7
2024-09-23,18.0,46.0,0.0,14.1,1016.9,96.0,9.8,14.5,3.9
2024-09-24,16.4,45.7,0.0,18.7,1022.0,20.0,7.4,13.5,4.5
2024-09-25,14.0,40.9,1.3,14.0,1022.3,60.0,0.9,10.4,3.3
2024-09-26,14.4,32.8,0.0,7.1,1012.9,88.0,9.2,11.6,3.4
2024-09-27,16.6,33.6,0.0,10.5,1008.7,11.0,10.2,13.4,4.0
2024-09-28,14.8,31.4,0.0,9.6,1016.1,24.0,0.4,10.3,4.7
2024-09-29,14.2,30.8,0.0,7.2,994.7,49.0,3.9,11.9,7.6
2024-09-30,16.3,45.9,0.0,13.3,1009.0,68.0,6.8,13.7,7.4
2024-10-01,14.7,32.4,0.0,17.1,1030.4,43.0,3.3,12.4,4.9
2024-10-02,17.8,30.5,0.0,8.7,997.1,67.0,4.1,15.3,5.3
2024-10-03,14.9,45.6,3.4,11.7,1023.8,32.0,0.1,10.8,7.2
2024-10-04,15.2,46.7,0.0,13.1,999.8,42.0,1.9,12.5,7.9
2024-10-05,16.7,47.6,0.0,0.1,999.7,30.0,9.7,13.9,6.1
2024-10-06,13.2,35.1,0.0,6.2,1022.5,78.0,3.2,10.7,6.8
2024-10-07,16.5,44.8,0.0,7.8,1019.2,99.0,0.2,13.7,6.6
2024-10-08,12.4,36.8,3.3,11.2,1024.1,51.0,5.6,7.8,3.3
2024-10-09,18.0,37.0,0.0,21.9,1006.3,47.0,3.2,14.3,6.3
2024-10-10,13.1,39.9,0.0,18.2,1007.0,57.0,2.1,10.7,3.6
2024-10-11,17.5,30.4,2.9,8.7,993.0,36.0,7.6,15.3,3.8
2024-10-12,16.3,47.7,1.3,14.9,999.6,99.0,10.2,12.4,3.4
2024-10-13,15.7,50.3,0.0,15.8,997.8,27.0,10.3,12.8,5.0
2024-10-14,13.0,39.4,0.0,8.5,1030.9,82.0,5.6,8.0,5.1
2024-10-15,13.0,38.2,0.0,5.8,1010.9,29.0,8.9,9.4,3.7
2024-10-16,12.6,44.4,0.0,14.2,1025.5,78.0,6.7,8.8,4.0
2024-10-17,18.3,49.9,0.0,12.0,1014.8,17.0,10.9,14.4,6.4
2024-10-18,17.5,41.8,5.9,12.4,1018.4,98.0,9.6,13.2,5.6
2024-10-19,17.0,37.6,0.0,4.7,1017.1,31.0,9.3,13.2,6.0
2024-10-20,15.3,34.2,0.7,4.9,1008.1,64.0,8.7,11.0,7.6
2024-10-21,15.5,50.1,6.0,11.7,1028.6,91.0,0.2,12.5,6.1
2024-10-22,14.7,48.9,4.2,5.1,1000.8,99.0,7.4,10.7,6.7
2024-10-23,15.4,45.8,0.0,5.2,1006.7,45.0,10.0,12.8,6.6
2024-10-24,16.5,45.9,0.0,11.9,1015.1,37.0,8.9,13.8,3.6
2024-10-25,17.4,36.6,0.0,9.5,1022.4,5.0,8.3,14.3,3.3
2024-10-26,16.0,33.4,0.0,7.0,1020.1,71.0,8.2,11.9,7.0
2024-10-27,14.2,43.6,0.0,10.3,1010.4,96.0,2.5,12.1,3.5
2024-10-28,19.0,42.6,0.0,18.8,1008.9,45.0,6.2,16.6,7.9
2024-10-29,17.4,42.8,0.0,0.4,1018.9,22.0,10.8,12.5,3.5
2024-10-30,14.9,51.6,1.9,10.8,1015.6,20.0,10.1,10.3,5.3
2024-10-31,19.1,42.0,5.7,9.8,996.6,52.0,5.9,16.8,7.9
2024-11-01,16.0,43.0,0.0,18.4,1001.6,60.0,2.2,13.3,4.5
2024-11-02,15.0,35.9,0.0,16.6,1001.5,96.0,6.8,12.7,5.1
2024-11-03,17.7,42.6,3.1,13.2,1013.2,75.0,5.5,14.6,4.9
2024-11-04,14.5,35.6,0.0,5.1,996.9,6.0,7.5,11.7,5.0
2024-11-05,18.1,35.0,7.9,11.5,1019.5,18.0,6.9,14.8,3.2
2024-11-06,19.5,37.6,0.0,10.4,1009.2,57.0,6.6,17.0,6.2
2024-11-07,19.6,40.3,0.0,14.6,1012.4,91.0,10.1,15.1,3.2
2024-11-08,14.5,41.9,0.0,21.2,1010.0,24.0,10.9,10.7,7.7
2024-11-09,17.7,47.1,0.0,4.8,1030.5,98.0,7.2,15.2,7.0
2024-11-10,19.5,48.5,0.0,10.5,1006.1,61.0,4.0,15.9,7.6
2024-11-11,15.9,45.6,0.0,12.0,997.8,79.0,6.6,11.3,3.6
2024-11-12,18.7,52.6,0.0,13.5,1012.3,98.0,2.0,15.2,6.0
2024-11-13,18.9,40.9,0.0,14.9,1029.8,37.0,10.3,14.7,4.2
2024-11-14,16.1,48.0,0.0,11.2,1012.7,42.0,10.2,11.9,6.1
2024-11-15,17.7,38.4,1.7,5.4,1023.9,90.0,0.0,13.0,5.6
2024-11-16,20.7,50.6,0.0,5.4,1031.0,66.0,4.1,16.0,7.4
2024-11-17,16.1,45.7,14.6,7.6,1019.7,71.0,2.0,13.7,6.3
2024-11-18,17.1,56.0,0.0,10.5,1005.4,85.0,7.9,14.1,6.5
2024-11-19,19.2,38.9,0.0,18.9,1011.1,63.0,9.8,16.4,3.9
2024-11-20,16.2,48.5,0.0,18.6,1011.2,34.0,5.2,13.1,5.0
2024-11-21,21.5,49.1,0.0,13.2,998.2,18.0,0.7,18.6,7.3
2024-11-22,21.0,44.5,0.0,14.6,1018.1,79.0,9.7,18.0,7.9
2024-11-23,17.2,55.1,0.6,13.5,999.1,95.0,0.2,15.2,3.2
2024-11-24,16.4,42.0,0.0,11.9,1009.1,41.0,0.9,12.0,7.0
2024-11-25,22.0,58.3,0.9,10.3,1018.4,73.0,10.9,17.9,7.9
2024-11-26,18.4,43.6,9.9,14.6,1005.5,84.0,1.6,16.2,3.9
2024-11-27,17.4,53.1,0.0,8.2,1027.8,90.0,2.2,14.5,3.7
2024-11-28,22.6,48.0,0.0,5.6,1019.2,31.0,1.0,18.3,7.4
2024-11-29,22.1,42.0,8.8,14.9,1016.0,31.0,7.7,19.1,7.5
2024-11-30,19.2,40.2,0.0,11.7,1004.6,27.0,3.7,16.8,4.8
2024-12-01,18.9,46.5,0.0,8.7,1030.5,45.0,2.9,16.6,6.2
2024-12-02,18.3,59.4,0.0,5.8,993.4,50.0,7.0,14.2,5.9
2024-12-03,17.7,53.2,0.0,5.2,1009.0,50.0,10.1,13.9,6.1
2024-12-04,22.9,53.4,0.0,7.1,996.8,41.0,1.0,20.7,7.0
2024-12-05,19.3,45.6,0.0,15.0,1021.1,99.0,6.0,16.6,4.9
2024-12-06,18.7,57.5,0.0,10.4,1019.1,62.0,0.7,14.0,5.9
2024-12-07,18.7,42.5,0.0,6.3,996.8,36.0,5.9,14.8,7.1
2024-12-08,22.5,51.2,3.2,17.9,1008.6,57.0,8.8,18.0,5.5
2024-12-09,20.6,49.5,0.0,15.6,1009.1,30.0,6.2,16.2,4.8
2024-12-10,19.9,46.1,0.0,15.8,993.3,83.0,11.0,15.2,7.5
2024-12-11,22.0,54.0,3.0,5.1,999.3,12.0,0.8,18.6,4.6
2024-12-12,24.4,46.9,0.0,16.2,1012.8,26.0,10.2,21.4,4.0
2024-12-13,22.3,63.0,0.0,15.0,1027.5,95.0,5.2,18.8,6.9
2024-12-14,24.4,60.1,0.0,15.1,1024.6,53.0,9.2,20.9,4.9
2024-12-15,20.2,64.5,0.0,11.6,1011.1,50.0,8.4,16.5,7.6
2024-12-16,24.5,45.5,0.0,15.0,1010.4,97.0,6.1,22.2,3.4
2024-12-17,25.3,58.4,3.9,8.6,1032.6,80.0,4.8,20.4,5.1
2024-12-18,21.4,62.5,0.0,9.4,998.9,34.0,8.2,17.3,6.4
2024-12-19,22.8,60.5,0.0,5.4,1026.6,42.0,2.5,18.9,5.7
2024-12-20,25.5,57.8,0.0,6.8,1029.6,61.0,9.6,22.5,7.9
2024-12-21,22.6,48.5,0.0,11.5,1022.7,40.0,10.9,19.4,3.6
2024-12-22,24.9,53.5,0.2,5.7,1024.9,29.0,6.9,22.8,5.8
2024-12-23,23.5,54.6,1.5,2.6,994.5,75.0,9.6,19.2,3.7
2024-12-24,24.8,51.8,0.0,11.0,1026.1,87.0,4.5,22.5,6.4
2024-12-25,25.0,56.2,0.0,7.3,1009.8,87.0,5.9,21.4,5.6
2024-12-26,26.8,59.7,3.8,7.2,1000.1,85.0,10.0,23.7,5.1
2024-12-27,22.4,50.3,0.0,0.3,1026.1,29.0,6.0,19.2,7.6
2024-12-28,26.9,53.2,0.0,6.3,995.6,67.0,7.6,23.0,5.0
2024-12-29,23.6,53.1,6.6,11.5,1012.8,17.0,8.2,20.4,6.0
2024-12-30,24.2,63.8,0.0,9.9,993.0,36.0,7.2,20.6,4.6
2024-12-31,23.6,57.2,0.0,9.9,993.7,72.0,6.6,19.9,7.6
2025-01-01,28.1,58.3,0.0,0.5,1022.4,33.0,3.9,23.6,6.5
2025-01-02,27.4,53.5,0.0,12.3,1016.0,22.0,4.9,23.4,5.0
2025-01-03,27.2,52.3,1.9,17.4,1030.5,25.0,4.5,25.2,7.2
2025-01-04,25.7,67.9,0.0,6.5,1022.5,100.0,7.9,23.3,5.5
2025-01-05,26.4,52.5,0.0,16.5,999.5,23.0,7.0,23.5,3.1
2025-01-06,23.7,68.1,0.0,2.0,1022.5,43.0,3.8,20.4,7.4
2025-01-07,23.5,63.2,0.0,1.5,1005.7,75.0,11.0,20.8,4.8
2025-01-08,28.7,70.3,0.0,11.7,1012.8,40.0,9.1,23.8,5.6
2025-01-09,25.0,57.5,0.0,5.1,1017.1,57.0,5.8,21.6,7.9
2025-01-10,29.3,67.2,0.0,7.8,1002.3,82.0,3.1,25.0,8.0
2025-01-11,24.8,57.7,0.3,13.1,1011.9,4.0,9.0,19.9,5.5
2025-01-12,29.9,69.5,0.0,10.7,1003.3,50.0,9.4,26.8,7.4
2025-01-13,29.5,72.6,0.0,11.3,1011.4,89.0,7.9,27.2,4.3
2025-01-14,25.5,57.1,0.0,5.2,1014.3,44.0,0.2,23.2,3.4
2025-01-15,30.1,56.9,0.0,15.4,1015.0,67.0,8.8,27.9,7.7
2025-01-16,25.4,65.0,0.0,9.0,1002.8,96.0,7.2,21.8,4.6
2025-01-17,30.4,55.8,0.0,9.2,1022.9,82.0,7.1,27.4,4.9
2025-01-18,26.5,64.4,0.0,4.4,1024.5,26.0,10.1,24.2,7.5
2025-01-19,27.6,68.4,0.0,4.5,993.8,98.0,9.4,22.8,6.9
2025-01-20,29.3,62.3,2.2,6.4,1001.6,75.0,3.8,25.5,4.0
2025-01-21,28.2,60.1,0.0,3.9,1014.3,56.0,0.4,25.4,7.1
2025-01-22,26.5,69.2,17.4,3.5,1016.0,14.0,2.1,24.0,7.9
2025-01-23,28.0,77.1,6.2,5.2,1026.4,69.0,8.7,24.1,4.8
2025-01-24,29.0,76.5,0.0,9.6,1014.8,82.0,9.6,25.5,4.9
2025-01-25,30.6,65.7,0.0,13.7,1023.8,96.0,1.4,27.2,4.0
2025-01-26,29.0,77.3,0.0,0.3,1023.4,49.0,7.3,26.8,6.4
2025-01-27,30.3,64.1,0.0,15.8,995.1,28.0,6.6,26.7,6.7
2025-01-28,30.8,76.7,0.0,9.1,1029.5,23.0,5.9,26.7,7.4
2025-01-29,28.7,63.0,0.0,19.6,1009.9,14.0,1.2,24.6,7.5
2025-01-30,27.5,71.7,0.0,9.3,1026.5,56.0,9.7,25.1,5.6
2025-01-31,28.2,79.3,5.1,8.3,1005.0,22.0,5.5,23.7,6.6
2025-02-01,32.2,79.7,0.0,7.1,1013.6,48.0,6.5,28.4,7.6
2025-02-02,28.4,67.4,0.0,7.7,1029.4,67.0,4.9,25.3,7.9
2025-02-03,28.8,79.8,9.2,14.4,998.1,28.0,5.4,25.1,6.4
2025-02-04,30.9,79.8,0.0,4.1,1031.4,29.0,6.8,28.7,4.3
2025-02-05,29.6,80.9,0.0,7.2,1016.2,78.0,8.9,25.9,6.1
2025-02-06,31.9,78.5,0.0,20.4,1019.6,9.0,5.0,29.3,3.4
2025-02-07,33.2,66.3,0.0,13.0,1023.0,11.0,2.5,28.8,3.2
2025-02-08,29.5,75.3,0.0,8.6,997.5,97.0,4.1,26.5,4.0
2025-02-09,32.7,82.7,0.0,8.1,1015.1,53.0,1.5,28.6,4.8
2025-02-10,32.7,75.1,8.0,10.9,996.5,37.0,2.9,29.4,4.8
2025-02-11,32.3,72.7,6.5,10.1,1000.6,59.0,6.0,29.4,4.5
2025-02-12,33.7,76.2,0.0,7.2,1022.8,88.0,8.5,31.5,6.7
2025-02-13,29.0,70.3,1.3,14.3,1013.4,59.0,0.3,24.2,6.1
2025-02-14,31.5,68.8,0.0,7.3,995.1,93.0,7.8,28.1,3.3
2025-02-15,34.9,79.2,0.0,17.7,1008.5,4.0,7.8,30.3,6.6
2025-02-16,33.6,81.2,0.0,0.7,1005.3,31.0,4.2,30.4,4.2
2025-02-17,30.4,74.5,0.0,10.4,1011.4,87.0,6.0,25.4,3.2
2025-02-18,29.8,84.7,0.0,1.8,999.7,66.0,8.8,27.6,6.0
2025-02-19,31.5,77.5,0.0,21.1,1002.0,88.0,3.5,28.0,4.3
2025-02-20,30.5,77.1,0.0,7.1,1010.6,61.0,6.6,25.8,4.4
2025-02-21,30.7,79.7,0.0,9.8,1003.0,8.0,6.6,26.0,6.7
2025-02-22,33.3,73.9,2.1,8.4,1000.0,86.0,5.8,29.6,7.4
2025-02-23,33.9,80.3,0.0,6.3,998.3,50.0,2.0,30.1,7.1
2025-02-24,32.9,73.9,7.8,7.3,1002.0,27.0,6.4,29.5,6.2
2025-02-25,34.8,85.8,0.8,6.0,1003.5,89.0,3.1,31.6,3.2
2025-02-26,30.7,74.4,6.6,12.1,1014.1,49.0,9.1,26.7,5.5
2025-02-27,33.3,70.2,0.0,9.0,1007.5,5.0,3.8,30.0,7.8
2025-02-28,30.7,85.3,0.0,9.5,1025.2,57.0,8.4,26.1,7.3
2025-03-01,34.6,74.8,0.0,20.7,1023.4,14.0,10.6,32.2,3.6
2025-03-02,35.6,71.3,0.0,7.1,995.0,30.0,2.1,32.0,6.9
2025-03-03,34.3,81.2,0.3,8.7,1007.0,75.0,4.7,30.9,7.5
2025-03-04,31.4,83.7,0.0,12.2,1006.6,77.0,2.2,26.9,7.3
2025-03-05,34.7,79.3,0.0,7.0,999.7,84.0,6.5,30.1,4.2
2025-03-06,33.5,75.4,0.0,13.8,996.8,68.0,8.3,30.3,7.5
2025-03-07,33.6,76.1,0.0,3.6,1009.3,57.0,0.6,29.2,6.8
2025-03-08,32.8,77.2,0.0,12.2,1008.6,78.0,4.9,30.2,5.8
2025-03-09,34.9,77.1,0.0,11.4,1004.9,3.0,10.8,32.1,6.1
2025-03-10,34.7,81.3,0.0,10.3,1006.0,87.0,10.2,30.2,7.5
2025-03-11,37.0,78.7,4.7,16.1,998.0,64.0,9.8,32.9,5.2
2025-03-12,32.2,85.4,0.0,9.1,1007.6,48.0,5.2,28.2,4.2
2025-03-13,34.8,78.8,0.0,13.4,1003.6,99.0,2.0,31.3,6.8
2025-03-14,35.2,87.2,0.0,11.4,1011.4,64.0,2.0,32.4,5.5
2025-03-15,35.5,73.2,0.0,11.4,1026.0,92.0,8.0,32.9,5.1
2025-03-16,35.0,70.7,4.2,9.0,1025.7,73.0,0.7,30.3,4.6
2025-03-17,37.5,69.6,3.2,17.5,1011.3,100.0,0.2,32.6,7.3
2025-03-18,32.1,89.3,0.0,12.3,1019.1,98.0,5.7,28.7,4.2
2025-03-19,35.5,88.3,0.0,13.1,993.2,54.0,7.4,32.7,3.5
2025-03-20,33.0,82.7,0.0,19.3,999.1,82.0,3.5,30.2,7.5
2025-03-21,33.7,70.9,2.2,8.3,1015.5,22.0,7.6,29.0,5.8
2025-03-22,33.4,73.2,1.9,10.6,1012.7,32.0,2.6,29.6,7.3
2025-03-23,37.6,72.7,0.0,8.8,1000.6,95.0,9.8,35.3,3.8
2025-03-24,32.7,83.6,8.5,17.3,1009.8,33.0,6.5,30.4,8.0
2025-03-25,33.0,81.0,0.0,9.5,1029.9,19.0,1.5,29.5,3.5
2025-03-26,35.5,83.4,0.0,20.0,999.0,97.0,0.1,31.8,6.8
2025-03-27,37.8,82.7,0.0,15.8,997.4,72.0,7.6,33.6,6.9
2025-03-28,35.7,74.4,0.6,11.4,1020.5,25.0,7.9,33.2,6.2
2025-03-29,35.3,72.5,4.2,8.0,1002.5,75.0,4.8,31.6,4.0
2025-03-30,32.1,88.6,0.0,5.8,994.3,59.0,7.7,28.4,3.2
2025-03-31,36.3,84.1,27.3,0.3,995.6,86.0,10.3,32.5,4.9
2025-04-01,34.9,74.4,2.3,9.0,1008.1,51.0,3.3,30.1,4.8
2025-04-02,32.9,89.1,0.0,6.3,1025.0,48.0,6.5,30.4,6.8
2025-04-03,33.7,83.8,0.1,10.7,1013.3,29.0,7.3,29.5,3.3
2025-04-04,37.3,72.7,0.0,10.5,1005.0,58.0,4.6,32.7,4.6
2025-04-05,35.4,78.9,0.0,16.8,1028.8,5.0,1.6,31.5,3.1
2025-04-06,33.7,71.9,0.0,3.5,994.7,38.0,1.1,30.4,7.5
2025-04-07,36.6,75.9,0.0,1.1,999.5,24.0,8.5,34.3,3.3
2025-04-08,35.5,80.2,10.1,15.9,1017.1,30.0,5.3,33.4,7.8
2025-04-09,32.4,72.0,0.0,3.0,994.1,8.0,8.2,28.8,5.2
2025-04-10,34.0,71.2,0.0,14.1,1017.9,45.0,4.8,31.3,6.7
2025-04-11,33.0,79.7,0.0,6.2,1012.2,45.0,0.3,30.8,5.1
2025-04-12,33.4,75.6,0.0,18.0,1000.6,45.0,4.6,31.2,5.7
2025-04-13,32.0,69.6,0.0,8.5,1031.3,96.0,7.5,27.3,3.7
2025-04-14,34.3,75.0,5.4,15.2,997.0,13.0,3.1,30.6,7.1
2025-04-15,35.0,77.7,0.0,7.8,1001.7,39.0,9.3,31.3,3.6
2025-04-16,32.2,87.5,0.0,7.5,995.5,88.0,10.2,29.4,3.4
2025-04-17,37.5,70.7,0.0,9.7,1023.3,57.0,2.6,34.5,3.8
2025-04-18,33.2,69.5,1.5,17.6,1001.7,34.0,7.0,30.5,5.9
2025-04-19,36.9,81.2,16.6,15.1,1026.3,92.0,2.6,34.4,5.2
2025-04-20,33.8,72.2,0.0,8.2,998.6,89.0,6.2,29.8,5.8
2025-04-21,35.2,70.6,0.0,3.7,1023.3,45.0,5.7,31.7,4.5
2025-04-22,31.8,69.2,0.0,9.3,1000.9,39.0,3.7,27.0,6.3
2025-04-23,35.9,77.7,0.0,10.0,1019.8,92.0,0.2,31.9,4.8
2025-04-24,32.3,83.7,0.0,7.3,1025.5,2.0,8.8,30.1,3.4
2025-04-25,36.7,87.2,12.7,3.9,1001.3,95.0,0.3,32.6,7.4
2025-04-26,37.0,68.7,0.0,4.2,1029.1,61.0,5.0,32.5,5.3
2025-04-27,33.6,85.6,0.0,14.8,1011.8,64.0,7.2,29.3,4.4
2025-04-28,34.2,78.8,0.0,5.8,997.2,49.0,10.0,29.3,5.0
2025-04-29,33.1,77.1,8.8,12.6,1029.0,79.0,4.7,28.8,6.7
2025-04-30,33.4,77.9,0.0,7.7,1005.6,19.0,2.7,31.4,3.4
2025-05-01,34.8,79.3,0.0,10.4,1025.0,75.0,3.0,30.5,3.8
2025-05-02,31.9,68.3,0.0,4.2,998.8,57.0,0.0,29.1,6.1
2025-05-03,32.2,68.3,0.0,5.5,1019.2,79.0,9.5,28.1,6.3
2025-05-04,34.1,72.0,0.0,2.7,1028.5,9.0,10.1,30.8,4.1
2025-05-05,36.2,84.1,0.0,13.8,1021.7,90.0,3.6,32.6,4.4
2025-05-06,32.2,72.2,0.0,8.2,998.1,8.0,5.9,27.3,6.8
2025-05-07,34.4,73.9,4.1,11.3,1020.8,70.0,3.0,30.3,7.6
2025-05-08,32.1,80.3,0.0,22.5,1006.6,58.0,3.2,29.1,4.0
2025-05-09,33.9,80.1,0.0,9.2,995.1,50.0,1.0,29.6,4.3
2025-05-10,32.1,84.3,0.0,14.9,1001.5,74.0,5.2,27.3,5.4
2025-05-11,33.7,82.4,0.0,5.0,996.8,39.0,8.9,31.1,5.6
2025-05-12,34.4,71.7,0.0,10.4,996.7,36.0,9.5,31.6,5.2
2025-05-13,33.1,77.1,0.0,15.5,1030.9,73.0,7.7,30.3,5.8
2025-05-14,33.3,76.8,0.0,8.4,1027.0,76.0,1.3,31.3,4.2
2025-05-15,32.8,83.4,0.0,13.2,997.9,95.0,8.4,29.5,5.8
2025-05-16,33.0,74.7,0.0,7.5,1015.4,44.0,5.9,30.5,5.3
2025-05-17,33.3,66.6,0.0,5.8,1001.6,0.0,9.9,28.7,4.8
2025-05-18,30.7,67.3,0.0,8.7,1008.1,99.0,5.2,26.0,6.5
2025-05-19,31.3,72.9,4.5,1.0,1008.0,84.0,4.7,29.3,5.5
2025-05-20,34.2,78.6,0.0,7.5,997.1,82.0,0.2,29.4,3.6
2025-05-21,31.9,78.0,0.0,5.7,1025.3,80.0,6.9,29.3,7.2
2025-05-22,29.1,63.3,0.0,3.3,996.2,98.0,1.8,25.2,4.6
2025-05-23,33.4,62.9,0.0,12.9,1023.6,33.0,9.2,29.3,5.3
2025-05-24,29.1,73.7,0.0,6.3,1014.6,98.0,5.4,27.0,3.5
2025-05-25,29.7,76.0,0.0,3.7,1026.9,71.0,6.5,25.7,5.9
2025-05-26,33.0,78.0,0.0,1.4,999.0,6.0,10.8,29.2,5.9
2025-05-27,28.4,62.5,0.0,14.3,1007.5,56.0,7.8,25.9,6.3
2025-05-28,29.7,66.4,12.9,9.0,996.1,70.0,8.8,27.1,3.3
2025-05-29,27.6,64.3,0.0,11.7,1012.0,94.0,1.9,25.3,4.9
2025-05-30,30.5,64.1,2.9,8.5,995.2,14.0,8.0,26.0,7.0
2025-05-31,27.3,60.9,10.9,15.2,1026.3,80.0,1.3,23.2,7.7
2025-06-01,29.9,65.1,0.0,12.6,1026.2,56.0,9.8,26.7,4.2
2025-06-02,29.6,67.6,0.0,2.9,1010.3,79.0,2.1,25.2,3.4
2025-06-03,32.7,75.2,0.0,9.8,1016.9,16.0,8.7,29.0,6.0
2025-06-04,27.3,76.6,0.0,12.4,1031.0,1.0,0.0,22.7,4.0
2025-06-05,27.0,65.2,0.0,15.2,1027.6,17.0,5.8,24.7,4.6
2025-06-06,27.5,70.8,2.4,6.9,1008.5,40.0,0.0,24.0,6.4
2025-06-07,26.2,60.7,0.0,15.7,1007.1,47.0,8.9,23.5,7.4
2025-06-08,28.9,68.2,0.0,2.6,994.1,14.0,10.0,24.7,3.6
2025-06-09,28.6,73.6,0.0,11.0,1021.0,8.0,9.0,25.8,7.8
2025-06-10,27.0,76.4,2.2,16.2,1018.1,50.0,7.8,22.8,4.5
2025-06-11,27.7,57.6,0.0,6.9,1004.4,52.0,3.7,22.7,5.8
2025-06-12,29.6,60.9,6.2,15.4,1021.1,92.0,0.6,27.6,5.4
2025-06-13,28.8,68.0,0.0,10.8,1029.7,72.0,5.5,24.4,5.6
2025-06-14,30.2,68.7,0.0,3.1,1029.4,63.0,3.2,27.5,3.9
2025-06-15,27.3,68.8,0.0,14.2,1000.3,21.0,6.4,25.2,4.8
2025-06-16,27.9,68.5,0.0,4.8,1026.1,45.0,5.0,23.2,7.3
2025-06-17,26.4,74.2,3.3,7.9,1021.5,83.0,0.5,24.2,3.9
2025-06-18,30.0,63.9,4.4,13.1,993.1,41.0,0.1,25.7,6.5
2025-06-19,28.2,70.2,1.1,17.7,1026.0,81.0,4.2,25.9,7.6
2025-06-20,27.6,58.5,0.0,16.3,1009.0,40.0,8.1,24.9,5.3
2025-06-21,28.8,69.0,0.0,9.8,999.1,34.0,10.2,25.3,7.6
2025-06-22,24.6,68.9,0.0,4.5,1003.2,5.0,7.2,21.0,4.9
2025-06-23,27.8,69.9,0.0,9.0,1025.6,42.0,5.1,23.2,4.9
2025-06-24,23.5,69.4,0.0,11.2,998.4,46.0,0.2,19.9,7.0
2025-06-25,28.9,70.9,0.0,9.7,1004.9,4.0,6.5,25.7,6.2
2025-06-26,24.2,67.5,0.0,5.2,1007.4,42.0,6.2,20.1,5.7
2025-06-27,23.7,62.1,0.3,10.3,1021.4,90.0,9.4,21.2,6.3
2025-06-28,27.7,65.1,3.9,11.1,998.7,90.0,6.7,24.5,7.1
2025-06-29,28.3,59.7,3.8,1.4,998.0,36.0,0.2,23.8,7.8
2025-06-30,23.1,66.6,3.8,11.9,1013.3,37.0,3.4,20.4,3.4
2025-07-01,22.4,56.5,0.0,8.9,1024.6,38.0,9.4,20.0,6.6
2025-07-02,26.3,64.8,0.0,14.7,998.5,36.0,9.8,22.7,4.9
2025-07-03,24.7,66.9,0.0,1.5,995.5,45.0,10.1,22.3,5.8
2025-07-04,21.8,61.2,0.0,6.8,1016.1,34.0,3.9,17.3,6.1
2025-07-05,23.2,49.5,0.0,2.6,1010.2,20.0,10.0,20.4,4.1
2025-07-06,23.5,62.9,0.0,12.4,1000.7,56.0,10.0,18.6,3.9
2025-07-07,24.5,64.1,15.9,6.3,1006.6,79.0,2.9,19.9,3.4
2025-07-08,25.2,53.5,0.0,13.8,994.2,79.0,8.1,20.6,5.8
2025-07-09,25.8,59.8,0.0,9.8,1030.0,75.0,4.1,21.6,4.1
2025-07-10,25.0,65.3,2.2,1.6,1030.6,100.0,4.9,21.5,4.1
2025-07-11,26.3,65.5,0.0,18.6,1026.3,6.0,5.3,22.1,6.4
2025-07-12,25.6,46.8,0.0,8.5,1009.0,36.0,5.8,22.1,7.5
2025-07-13,22.2,50.3,0.0,12.5,1030.5,75.0,10.2,19.2,7.4
2025-07-14,21.2,58.7,0.0,11.4,1003.8,3.0,6.2,17.8,7.9
2025-07-15,20.6,57.8,0.0,5.2,1016.5,46.0,4.0,17.9,6.8
2025-07-16,21.2,60.2,0.0,5.3,1008.6,87.0,5.8,17.0,5.4
2025-07-17,22.6,47.0,0.0,1.2,1028.1,91.0,2.8,20.4,4.6
2025-07-18,24.1,49.8,7.9,13.2,998.6,12.0,9.1,21.5,7.5
2025-07-19,24.5,58.2,0.0,8.0,1029.3,29.0,7.1,20.4,8.0
2025-07-20,19.8,50.6,0.0,8.8,998.7,43.0,4.7,15.2,4.9
2025-07-21,19.2,46.0,5.0,11.5,998.3,54.0,8.7,15.0,7.2
2025-07-22,24.3,44.3,0.0,17.7,994.1,12.0,2.7,19.5,4.2
2025-07-23,19.1,47.9,0.0,20.8,1012.8,90.0,10.0,16.8,7.8
2025-07-24,21.6,48.7,0.0,7.1,1032.1,68.0,9.2,16.8,3.9
2025-07-25,20.5,58.7,0.0,8.0,1008.0,93.0,6.5,17.4,4.3
2025-07-26,18.5,53.2,4.8,12.4,1007.4,58.0,2.6,15.5,6.3
2025-07-27,21.3,44.3,0.0,7.0,1030.7,20.0,9.1,19.2,5.2
2025-07-28,19.9,53.1,0.0,7.8,1022.8,68.0,5.4,17.3,5.5
2025-07-29,20.0,54.8,0.0,11.0,1016.5,92.0,0.2,17.8,5.5
2025-07-30,19.0,50.5,0.0,9.2,993.9,55.0,5.7,15.0,6.6
2025-07-31,17.8,54.3,0.0,16.3,993.5,46.0,2.1,15.3,3.5
2025-08-01,17.2,54.8,0.0,10.5,1021.2,8.0,0.1,13.7,7.8
2025-08-02,17.5,53.2,8.6,7.3,1003.3,73.0,5.9,12.7,6.0
2025-08-03,18.0,41.6,0.0,12.0,1032.2,41.0,3.7,14.1,7.8
2025-08-04,20.1,59.1,11.6,9.6,1023.1,50.0,5.5,15.2,7.9
2025-08-05,19.5,42.8,0.0,15.6,1028.1,55.0,1.4,15.2,3.5
2025-08-06,18.9,50.0,0.0,9.4,1024.0,58.0,0.7,16.2,5.6
2025-08-07,18.4,40.0,0.0,8.7,1015.8,13.0,10.3,15.9,4.1
2025-08-08,16.9,39.6,0.0,11.3,1007.5,93.0,5.9,14.1,3.3
2025-08-09,16.2,46.1,0.0,9.7,999.0,52.0,4.1,13.7,5.0
2025-08-10,18.8,43.8,0.0,13.5,993.9,91.0,5.8,14.5,3.1
2025-08-11,19.0,46.5,0.0,5.4,1032.5,57.0,9.4,16.0,4.1
2025-08-12,21.2,42.1,0.0,6.5,1000.6,81.0,0.8,18.4,4.4
2025-08-13,20.5,54.8,0.0,5.9,1010.3,22.0,7.2,17.7,3.9
2025-08-14,18.0,38.7,0.0,13.0,998.0,41.0,9.4,13.2,3.5
2025-08-15,16.0,47.0,0.0,5.5,1015.1,76.0,6.3,12.6,8.0
2025-08-16,18.4,51.0,0.0,16.6,1007.4,11.0,0.0,15.8,7.8
2025-08-17,16.5,46.2,3.9,13.0,1019.7,54.0,5.9,13.5,3.6
2025-08-18,20.6,50.5,0.0,12.1,995.3,40.0,3.7,15.7,4.1
2025-08-19,16.6,35.9,0.0,1.6,1015.7,1.0,5.2,13.7,3.8
2025-08-20,19.1,53.3,0.7,15.4,1026.4,81.0,2.3,15.6,6.9
2025-08-21,18.8,53.3,0.8,10.3,1026.6,47.0,3.6,15.7,6.9
2025-08-22,16.3,39.5,9.3,6.1,1024.9,39.0,1.9,14.1,4.9
2025-08-23,16.1,47.0,4.0,15.9,1010.8,2.0,3.2,13.3,5.0
2025-08-24,14.9,51.0,0.0,19.9,997.6,32.0,6.7,10.5,5.0
2025-08-25,19.3,53.7,0.0,7.1,1017.2,7.0,3.5,14.3,4.0
2025-08-26,15.7,49.8,0.0,8.8,997.1,65.0,9.1,13.0,7.4
2025-08-27,14.3,50.2,0.0,10.3,1007.7,13.0,10.5,11.0,7.7
2025-08-28,19.0,42.9,0.0,8.6,1022.9,44.0,5.4,14.2,4.0
2025-08-29,16.4,36.7,0.0,15.7,1032.6,74.0,10.6,14.0,3.1
2025-08-30,17.4,35.2,0.0,2.5,1020.3,20.0,9.8,14.9,4.2
2025-08-31,14.0,45.1,0.0,3.8,995.1,18.0,2.4,10.8,6.5
2025-09-01,18.8,43.6,0.0,12.6,1025.5,90.0,3.1,15.6,5.9
2025-09-02,17.3,41.2,0.0,8.0,1000.2,28.0,1.0,13.9,6.4
2025-09-03,17.9,36.4,2.5,18.0,1012.0,18.0,8.6,14.3,7.4
2025-09-04,13.6,43.5,0.0,4.1,1007.6,72.0,9.5,9.5,4.5
2025-09-05,14.2,37.2,0.0,8.7,1029.4,23.0,4.4,10.4,5.9
2025-09-06,13.2,51.5,5.0,9.4,1017.7,84.0,8.8,10.7,3.9
2025-09-07,13.2,35.8,0.0,4.9,998.8,50.0,6.3,9.7,4.1
2025-09-08,13.4,49.2,1.6,7.5,1024.9,88.0,1.2,10.4,4.5
2025-09-09,13.9,34.2,0.0,8.1,1029.2,48.0,7.9,9.6,4.0
2025-09-10,17.6,50.5,12.7,10.9,1016.8,27.0,6.1,13.0,7.4
2025-09-11,13.1,39.5,0.0,11.5,1026.8,40.0,1.1,10.6,5.5
2025-09-12,17.2,50.2,0.0,8.9,1011.9,12.0,5.7,13.8,7.2
2025-09-13,14.1,40.7,10.0,9.1,1028.0,18.0,8.7,9.8,7.9
2025-09-14,14.7,47.4,4.5,9.3,1011.2,14.0,9.6,10.5,6.9
2025-09-15,13.9,39.7,0.0,1.8,1027.3,45.0,7.4,10.2,5.5
2025-09-16,13.4,38.4,0.0,13.2,1014.8,52.0,1.2,9.2,7.2
2025-09-17,14.7,49.2,13.3,17.6,1024.6,7.0,2.2,12.5,5.6
2025-09-18,13.2,47.7,0.0,15.1,1004.7,41.0,6.4,9.0,4.6
2025-09-19,12.3,31.0,4.8,12.2,999.2,52.0,5.6,8.6,7.4
2025-09-20,15.3,33.7,0.0,2.9,1026.5,49.0,6.3,10.8,4.3
2025-09-21,15.6,37.2,2.9,8.6,1021.0,74.0,8.5,12.3,4.3
2025-09-22,17.2,44.3,0.0,14.1,1016.8,27.0,0.3,12.6,7.1
2025-09-23,16.4,44.6,0.0,11.2,1015.6,56.0,10.8,12.8,7.6
2025-09-24,17.3,36.0,1.7,15.4,1023.7,30.0,4.0,13.7,7.2
2025-09-25,12.9,35.4,14.0,0.7,1023.0,1.0,1.2,8.2,7.2
2025-09-26,17.0,35.5,0.0,9.1,995.1,80.0,7.4,15.0,7.6
2025-09-27,12.4,32.6,2.9,6.3,1024.7,91.0,2.3,7.5,3.2
2025-09-28,13.0,46.9,16.9,11.8,1028.4,76.0,1.7,10.5,5.0
2025-09-29,16.3,42.0,0.0,10.2,1025.2,89.0,2.2,12.9,5.3
2025-09-30,12.6,31.7,0.0,3.8,1010.0,5.0,6.4,10.4,6.0
2025-10-01,16.1,43.5,0.0,2.5,1012.5,89.0,0.2,13.0,7.7
2025-10-02,16.9,41.4,4.4,7.9,1032.8,63.0,6.8,14.2,7.4
2025-10-03,16.5,46.6,0.0,12.0,1003.8,5.0,6.1,13.4,7.8
2025-10-04,12.8,48.2,0.0,6.2,1002.6,81.0,4.0,10.3,4.0
2025-10-05,12.6,46.5,0.3,3.0,1004.0,22.0,9.1,8.4,7.4
2025-10-06,17.3,35.4,0.0,6.0,994.2,88.0,10.3,15.2,4.2
2025-10-07,12.5,36.2,0.0,16.0,1029.2,53.0,7.7,8.5,3.1
2025-10-08,13.6,35.5,10.8,7.6,1025.8,88.0,6.0,10.8,6.7
2025-10-09,12.3,35.0,0.0,9.0,1007.3,30.0,1.5,7.5,7.5
2025-10-10,13.8,48.0,0.0,6.2,1006.6,44.0,5.1,9.7,5.5
2025-10-11,12.4,47.2,0.0,10.7,1006.9,52.0,0.3,8.7,5.9
2025-10-12,13.6,36.8,0.0,2.8,996.8,5.0,9.8,9.0,4.3
2025-10-13,15.7,34.3,0.0,19.7,1006.0,69.0,10.2,12.9,7.9
2025-10-14,15.9,49.9,0.0,8.9,1008.6,27.0,0.5,13.5,7.8
2025-10-15,15.2,35.6,3.3,9.3,1017.5,14.0,7.4,12.4,6.7
2025-10-16,17.2,34.1,0.0,10.9,1027.7,76.0,8.6,13.8,5.2
2025-10-17,15.7,41.6,0.0,7.2,1006.0,83.0,8.1,13.5,6.9
2025-10-18,15.8,33.4,0.0,6.3,1015.1,86.0,6.5,11.2,4.7
2025-10-19,15.9,35.6,0.0,12.7,1021.7,35.0,6.5,13.0,4.2
2025-10-20,14.5,34.9,0.0,14.8,1017.7,27.0,0.1,9.9,7.9
2025-10-21,17.7,45.9,0.0,9.1,996.1,7.0,8.3,12.8,4.4
2025-10-22,16.3,35.1,13.3,23.2,1000.9,63.0,4.0,11.6,6.3
2025-10-23,17.8,32.2,2.4,3.8,1020.4,82.0,5.6,13.6,3.3
2025-10-24,12.8,50.3,0.0,9.5,1011.8,49.0,10.5,9.3,5.3
2025-10-25,16.8,49.7,0.0,10.8,1027.2,75.0,0.2,12.4,6.7
2025-10-26,16.9,47.7,0.0,5.3,1015.6,70.0,10.2,12.0,4.0
2025-10-27,13.2,50.1,0.0,21.8,996.1,65.0,4.9,9.0,7.3
